timestamp,src_ip,url,country,src_ip_ASN
2025-07-24T23:59:10.178147,45.156.87.222,hxxp://196.251.84.30/1.sh,NL,51396
2025-07-24T23:59:10.178275,45.156.87.222,hxxp://196.251.84.30/1.sh,NL,51396
2025-07-24T23:54:53.943898,45.156.87.222,hxxp://196.251.84.30/1.sh,NL,51396
2025-07-24T23:54:53.943738,45.156.87.222,hxxp://196.251.84.30/1.sh,NL,51396
2025-07-24T23:49:17.352079,20.61.127.53,hxxp://89.116.20.194:81/cat.sh,NL,8075
2025-07-24T23:49:17.351979,20.61.127.53,hxxp://89.116.20.194:81/cat.sh,NL,8075
2025-07-24T23:41:21.866662,45.156.87.222,hxxp://196.251.84.30/1.sh,NL,51396
2025-07-24T23:41:21.866764,45.156.87.222,hxxp://196.251.84.30/1.sh,NL,51396
2025-07-24T23:40:44.301042,20.61.127.58,hxxp://89.116.20.194:81/cat.sh,NL,8075
2025-07-24T23:40:44.300952,20.61.127.58,hxxp://89.116.20.194:81/cat.sh,NL,8075
2025-07-25T00:29:36.351981,194.60.237.89,hxxp://50.82.22.172:45459/.i,RU,52040
2025-07-25T00:27:17.075453,45.156.87.222,hxxp://196.251.84.30/1.sh,NL,51396
2025-07-25T00:27:17.075325,45.156.87.222,hxxp://196.251.84.30/1.sh,NL,51396
2025-07-25T00:03:02.277197,20.61.127.58,hxxp://89.116.20.194:81/cat.sh,NL,8075
2025-07-25T00:03:02.277052,20.61.127.58,hxxp://89.116.20.194:81/cat.sh,NL,8075
2025-07-25T00:02:22.920198,45.156.87.222,hxxp://196.251.84.30/1.sh,NL,51396
2025-07-25T00:02:22.920305,45.156.87.222,hxxp://196.251.84.30/1.sh,NL,51396
2025-07-25T00:37:42.613316,45.156.87.222,hxxp://196.251.84.30/1.sh,NL,51396
2025-07-25T00:37:42.613213,45.156.87.222,hxxp://196.251.84.30/1.sh,NL,51396
2025-07-25T01:00:17.487015,103.255.132.215,hxxp://160.119.156.104:18777/.i,ID,151549
2025-07-25T02:32:59.942537,151.235.235.110,hxxp://113.221.25.0:28341/.i,IR,58224
2025-07-25T03:28:41.168172,109.63.118.189,hxxp://109.63.118.189:49027/.i,BH,51375
2025-07-25T04:43:04.734271,109.195.22.230,hxxp://175.31.254.235:34155/.i,RU,50543
2025-07-25T04:36:37.076242,103.38.182.146,hxxp://182.31.126.140:5146/.i,IN,140171
2025-07-25T04:30:10.249960,84.19.89.42,hxxp://61.230.49.4:44896/.i,CZ,33943
2025-07-25T05:01:34.696148,93.117.28.13,hxxp://37.57.227.208:32990/.i,IR,58224
2025-07-25T05:37:26.224169,31.170.22.205,hxxp://31.170.22.205/dl201,LV,43513
2025-07-25T05:37:09.202753,31.170.22.205,hxxp://31.170.22.205/dl201,LV,43513
2025-07-25T05:32:06.909612,178.128.252.102,hxxp://109.74.204.206/bre,NL,14061
2025-07-25T05:31:48.004043,31.170.22.205,hxxp://31.170.22.205/dl201,LV,43513
2025-07-25T05:31:18.450245,31.170.22.205,hxxp://31.170.22.205/dl201,LV,43513
2025-07-25T06:20:43.344007,2.188.222.226,hxxp://113.221.44.227:1299/.i,IR,42337
2025-07-25T06:51:53.331568,201.42.188.187,hxxp://121.121.71.113:31863/.i,BR,27699
2025-07-25T06:43:50.720370,58.47.122.215,hxxp://58.47.122.215:63690/.i,CN,4134
2025-07-25T08:25:44.506948,176.65.148.80,hxxp://213.232.114.169/painbins.sh,NL,51396
2025-07-25T08:25:44.506852,176.65.148.80,hxxp://213.232.114.169/painbins.sh,NL,51396
2025-07-25T08:18:27.903668,109.92.246.86,hxxp://27.156.154.3:58633/.i,RS,8400
2025-07-25T08:30:26.977461,176.65.148.80,hxxp://213.232.114.169/painbins.sh,NL,51396
2025-07-25T09:52:20.313080,77.189.253.42,hxxp://61.215.151.173/x/2sh,DE,6805
2025-07-25T09:52:20.313191,77.189.253.42,hxxp://61.215.151.173/x/3sh,DE,6805
2025-07-25T09:52:20.312765,77.189.253.42,hxxp://61.215.151.173/x/1sh,DE,6805
2025-07-25T09:52:20.312985,77.189.253.42,hxxp://61.215.151.173/x/2sh,DE,6805
2025-07-25T09:52:20.312891,77.189.253.42,hxxp://61.215.151.173/x/1sh,DE,6805
2025-07-25T09:31:14.451936,37.114.165.219,hxxp://42.146.246.169:23953/.i,AZ,39232
2025-07-25T10:28:17.590113,220.133.141.228,hxxp://220.133.141.228:26786/.i,TW,3462
2025-07-25T10:26:37.900440,68.69.186.238,hxxp://196.251.73.115/HBTs/top1miku.x86_64,US,399045
2025-07-25T10:26:37.900575,68.69.186.238,hxxp://196.251.73.115/HBTs/top1miku.x86_64,US,399045
2025-07-25T10:19:55.693480,91.147.91.21,hxxp://113.221.26.241:4688/.i,KZ,200590
2025-07-25T10:06:12.033631,116.53.91.157,hxxp://116.53.91.157:48866/.i,CN,4134
2025-07-25T10:59:02.411029,68.69.186.238,hxxp://196.251.73.115/HBTs/top1miku.i586,US,399045
2025-07-25T10:59:02.410573,68.69.186.238,hxxp://196.251.73.115/HBTs/top1miku.x86_64,US,399045
2025-07-25T10:59:02.410485,68.69.186.238,hxxp://196.251.73.115/HBTs/top1miku.x86_64,US,399045
2025-07-25T10:59:02.410869,68.69.186.238,hxxp://196.251.73.115/HBTs/top1miku.i586,US,399045
2025-07-25T10:59:02.410948,68.69.186.238,hxxp://196.251.73.115/HBTs/top1miku.i586,US,399045
2025-07-25T10:59:02.410700,68.69.186.238,hxxp://196.251.73.115/HBTs/top1miku.x86_64,US,399045
2025-07-25T10:58:05.117339,68.69.186.238,hxxp://196.251.73.115/HBTs/top1miku.i586,US,399045
2025-07-25T10:58:05.117265,68.69.186.238,hxxp://196.251.73.115/HBTs/top1miku.i586,US,399045
2025-07-25T10:58:05.117193,68.69.186.238,hxxp://196.251.73.115/HBTs/top1miku.i586,US,399045
2025-07-25T10:58:05.116791,68.69.186.238,hxxp://196.251.73.115/HBTs/top1miku.x86_64,US,399045
2025-07-25T10:58:05.116994,68.69.186.238,hxxp://196.251.73.115/HBTs/top1miku.x86_64,US,399045
2025-07-25T10:58:05.116914,68.69.186.238,hxxp://196.251.73.115/HBTs/top1miku.x86_64,US,399045
2025-07-25T10:54:33.227613,68.69.186.238,hxxp://196.251.73.115/HBTs/top1miku.x86_64,US,399045
2025-07-25T10:53:28.185459,68.69.186.238,hxxp://196.251.73.115/HBTs/top1miku.x86_64,US,399045
2025-07-25T10:53:28.185626,68.69.186.238,hxxp://196.251.73.115/HBTs/top1miku.x86_64,US,399045
2025-07-25T10:53:28.185286,68.69.186.238,hxxp://196.251.73.115/HBTs/top1miku.x86_64,US,399045
2025-07-25T10:44:43.913275,68.69.186.238,hxxp://196.251.73.115/HBTs/top1miku.x86_64,US,399045
2025-07-25T10:43:42.207820,68.69.186.238,hxxp://196.251.73.115/HBTs/top1miku.x86_64,US,399045
2025-07-25T10:40:54.893748,68.69.186.238,hxxp://196.251.73.115/HBTs/top1miku.x86_64,US,399045
2025-07-25T11:17:41.424348,68.69.186.238,hxxp://196.251.73.115/HBTs/top1miku.i586,US,399045
2025-07-25T11:17:41.424111,68.69.186.238,hxxp://196.251.73.115/HBTs/top1miku.i586,US,399045
2025-07-25T11:17:41.424227,68.69.186.238,hxxp://196.251.73.115/HBTs/top1miku.i586,US,399045
2025-07-25T11:17:41.423972,68.69.186.238,hxxp://196.251.73.115/HBTs/top1miku.x86_64,US,399045
2025-07-25T11:17:41.423882,68.69.186.238,hxxp://196.251.73.115/HBTs/top1miku.x86_64,US,399045
2025-07-25T11:17:41.423800,68.69.186.238,hxxp://196.251.73.115/HBTs/top1miku.x86_64,US,399045
2025-07-25T11:08:55.095357,85.133.176.64,hxxp://171.231.130.145:23991/.i,IR,39074
2025-07-25T11:08:33.862048,68.69.186.238,hxxp://196.251.73.115/HBTs/top1miku.x86_64,US,399045
2025-07-25T11:08:33.862278,68.69.186.238,hxxp://196.251.73.115/HBTs/top1miku.i586,US,399045
2025-07-25T11:08:33.862469,68.69.186.238,hxxp://196.251.73.115/HBTs/top1miku.i586,US,399045
2025-07-25T11:08:33.862380,68.69.186.238,hxxp://196.251.73.115/HBTs/top1miku.i586,US,399045
2025-07-25T11:08:33.861798,68.69.186.238,hxxp://196.251.73.115/HBTs/top1miku.x86_64,US,399045
2025-07-25T11:08:33.861905,68.69.186.238,hxxp://196.251.73.115/HBTs/top1miku.x86_64,US,399045
2025-07-25T11:07:31.308028,68.69.186.238,hxxp://196.251.73.115/HBTs/top1miku.i586,US,399045
2025-07-25T11:07:31.308110,68.69.186.238,hxxp://196.251.73.115/HBTs/top1miku.i586,US,399045
2025-07-25T11:07:31.307520,68.69.186.238,hxxp://196.251.73.115/HBTs/top1miku.x86_64,US,399045
2025-07-25T11:07:31.307949,68.69.186.238,hxxp://196.251.73.115/HBTs/top1miku.i586,US,399045
2025-07-25T11:07:31.307618,68.69.186.238,hxxp://196.251.73.115/HBTs/top1miku.x86_64,US,399045
2025-07-25T11:07:31.307736,68.69.186.238,hxxp://196.251.73.115/HBTs/top1miku.x86_64,US,399045
2025-07-25T11:06:29.376567,68.69.186.238,hxxp://196.251.73.115/HBTs/top1miku.i586,US,399045
2025-07-25T11:06:29.376482,68.69.186.238,hxxp://196.251.73.115/HBTs/top1miku.i586,US,399045
2025-07-25T11:06:29.376143,68.69.186.238,hxxp://196.251.73.115/HBTs/top1miku.x86_64,US,399045
2025-07-25T11:06:29.376246,68.69.186.238,hxxp://196.251.73.115/HBTs/top1miku.x86_64,US,399045
2025-07-25T11:06:29.376030,68.69.186.238,hxxp://196.251.73.115/HBTs/top1miku.x86_64,US,399045
2025-07-25T11:06:29.376409,68.69.186.238,hxxp://196.251.73.115/HBTs/top1miku.i586,US,399045
2025-07-25T11:33:58.789049Z,160.187.246.23,hxxp://160.187.246.23/huhu/titanjr.x86_64,VN,150862
2025-07-25T11:33:58.788921Z,160.187.246.23,hxxp://160.187.246.23/huhu/titanjr.x86_64,VN,150862
2025-07-25T11:33:51.803103,160.187.246.23,hxxp://160.187.246.23/huhu/titanjr.x86_64,VN,150862
2025-07-25T11:33:51.803190,160.187.246.23,hxxp://160.187.246.23/huhu/titanjr.x86_64,VN,150862
2025-07-25T11:33:50.182731Z,160.187.246.23,hxxp://160.187.246.23/huhu/titanjr.x86_64,VN,150862
2025-07-25T11:33:49.103796,160.187.246.23,hxxp://160.187.246.23/huhu/titanjr.x86_64,VN,150862
2025-07-25T11:33:48.989937,160.187.246.23,hxxp://160.187.246.23/huhu/titanjr.x86_64,VN,150862
2025-07-25T11:33:48.958230Z,160.187.246.23,hxxp://160.187.246.23/huhu/titanjr.x86_64,VN,150862
2025-07-25T11:33:47.577163,160.187.246.23,hxxp://160.187.246.23/huhu/titanjr.x86_64,VN,150862
2025-07-25T11:33:44.449543,160.187.246.23,hxxp://160.187.246.23/huhu/titanjr.x86_64,VN,150862
2025-07-25T11:33:44.434437,160.187.246.23,hxxp://160.187.246.23/huhu/titanjr.x86_64,VN,150862
2025-07-25T11:33:44.033360,160.187.246.23,hxxp://160.187.246.23/huhu/titanjr.x86_64,VN,150862
2025-07-25T11:33:43.797524,160.187.246.23,hxxp://160.187.246.23/huhu/titanjr.x86_64,VN,150862
2025-07-25T11:33:43.797663,160.187.246.23,hxxp://160.187.246.23/huhu/titanjr.x86_64,VN,150862
2025-07-25T11:33:43.542563,160.187.246.23,hxxp://160.187.246.23/huhu/titanjr.arm,VN,150862
2025-07-25T11:33:43.542651,160.187.246.23,hxxp://160.187.246.23/huhu/titanjr.arm,VN,150862
2025-07-25T11:33:43.387831,160.187.246.23,hxxp://160.187.246.23/huhu/titanjr.arm,VN,150862
2025-07-25T11:33:43.387922,160.187.246.23,hxxp://160.187.246.23/huhu/titanjr.arm,VN,150862
2025-07-25T11:33:43.190499,160.187.246.23,hxxp://160.187.246.23/huhu/titanjr.x86_64,VN,150862
2025-07-25T11:33:43.118520,160.187.246.23,hxxp://160.187.246.23/huhu/titanjr.x86_64,VN,150862
2025-07-25T11:33:43.049616,160.187.246.23,hxxp://160.187.246.23/huhu/titanjr.x86_64,VN,150862
2025-07-25T11:33:42.960897,160.187.246.23,hxxp://160.187.246.23/huhu/titanjr.arm,VN,150862
2025-07-25T11:33:42.851823,160.187.246.23,hxxp://160.187.246.23/huhu/titanjr.arm,VN,150862
2025-07-25T11:33:42.833639,160.187.246.23,hxxp://160.187.246.23/huhu/titanjr.arm,VN,150862
2025-07-25T11:33:42.602217,160.187.246.23,hxxp://160.187.246.23/huhu/titanjr.arm,VN,150862
2025-07-25T11:33:42.551384,160.187.246.23,hxxp://160.187.246.23/huhu/titanjr.x86_64,VN,150862
2025-07-25T11:33:42.274296,160.187.246.23,hxxp://160.187.246.23/huhu/titanjr.x86_64,VN,150862
2025-07-25T11:33:42.242841,160.187.246.23,hxxp://160.187.246.23/huhu/titanjr.arm,VN,150862
2025-07-25T11:33:42.180662,160.187.246.23,hxxp://160.187.246.23/huhu/titanjr.arm,VN,150862
2025-07-25T11:33:42.171589,160.187.246.23,hxxp://160.187.246.23/huhu/titanjr.arm,VN,150862
2025-07-25T11:33:42.130738,160.187.246.23,hxxp://160.187.246.23/huhu/titanjr.x86_64,VN,150862
2025-07-25T11:30:53.409854,188.126.50.73,hxxp://61.215.151.173/x/2sh,RU,49368
2025-07-25T11:30:53.409772,188.126.50.73,hxxp://61.215.151.173/x/2sh,RU,49368
2025-07-25T11:30:53.409930,188.126.50.73,hxxp://61.215.151.173/x/3sh,RU,49368
2025-07-25T11:30:53.409548,188.126.50.73,hxxp://61.215.151.173/x/1sh,RU,49368
2025-07-25T11:30:53.409671,188.126.50.73,hxxp://61.215.151.173/x/1sh,RU,49368
2025-07-25T12:28:51.470386,176.65.149.226,hxxp://144.172.106.101/bins/star.x86,NL,51396
2025-07-25T12:19:58.314795,176.65.149.226,hxxp://144.172.106.101/bins/star.x86,NL,51396
2025-07-25T12:59:08.969045,36.50.56.101,hxxp://152.42.212.230/windy.sh4,ID,152029
2025-07-25T12:59:08.969192,36.50.56.101,hxxp://152.42.212.230/windy.x86,ID,152029
2025-07-25T12:59:08.969123,36.50.56.101,hxxp://152.42.212.230/windy.sparc,ID,152029
2025-07-25T12:59:08.968509,36.50.56.101,hxxp://152.42.212.230/windy.arm7,ID,152029
2025-07-25T12:59:08.968807,36.50.56.101,hxxp://152.42.212.230/windy.mips,ID,152029
2025-07-25T12:59:08.968195,36.50.56.101,hxxp://windy.ness.biz.id/windy.arm4,ID,152029
2025-07-25T12:59:08.968354,36.50.56.101,hxxp://152.42.212.230/windy.arm5,ID,152029
2025-07-25T12:59:08.968740,36.50.56.101,hxxp://152.42.212.230/windy.m68,ID,152029
2025-07-25T12:59:08.968269,36.50.56.101,hxxp://152.42.212.230/windy.arm4,ID,152029
2025-07-25T12:59:08.968105,36.50.56.101,hxxp://windy.ness.biz.id/windy.x86,ID,152029
2025-07-25T12:59:08.968911,36.50.56.101,hxxp://152.42.212.230/windy.mipsel,ID,152029
2025-07-25T12:59:08.968589,36.50.56.101,hxxp://152.42.212.230/windy.i586,ID,152029
2025-07-25T12:59:08.968980,36.50.56.101,hxxp://152.42.212.230/windy.ppc,ID,152029
2025-07-25T12:59:08.968425,36.50.56.101,hxxp://152.42.212.230/windy.arm6,ID,152029
2025-07-25T12:59:08.968671,36.50.56.101,hxxp://152.42.212.230/windy.i686,ID,152029
2025-07-25T12:56:01.402408,36.50.56.101,hxxp://152.42.212.230/bins.sh,ID,152029
2025-07-25T12:50:26.287447,176.65.149.226,hxxp://144.172.106.101/bins/star.x86,NL,51396
2025-07-25T12:35:48.638879,176.65.149.226,hxxp://144.172.106.101/bins/star.x86,NL,51396
2025-07-25T13:29:24.644775,176.65.149.226,hxxp://144.172.106.101/bins/star.x86,NL,51396
2025-07-25T13:12:30.835857,185.92.139.163,hxxp://112.81.52.219:1369/.i,UA,203451
2025-07-25T13:08:35.622985,176.65.149.226,hxxp://144.172.106.101/bins/star.x86,NL,51396
2025-07-25T13:02:06.224413,36.50.56.101,hxxp://152.42.212.230/bins.sh,ID,152029
2025-07-25T13:00:57.451250,36.50.56.101,hxxp://152.42.212.230/bins.sh,ID,152029
2025-07-25T14:23:59.523112,46.48.238.85,hxxp://110.182.76.177:63798/.i,RU,12389
2025-07-25T14:18:57.341050,68.169.241.181,hxxp://61.215.151.173/x/2sh,US,398844
2025-07-25T14:18:57.340874,68.169.241.181,hxxp://61.215.151.173/x/1sh,US,398844
2025-07-25T14:18:57.340968,68.169.241.181,hxxp://61.215.151.173/x/2sh,US,398844
2025-07-25T14:18:57.340712,68.169.241.181,hxxp://61.215.151.173/x/1sh,US,398844
2025-07-25T15:02:06.948915,114.34.108.237,hxxp://114.34.108.237:34668/.i,TW,3462
2025-07-25T15:52:11.663178,36.70.225.10,hxxp://79.131.57.28:42767/.i,ID,7713
2025-07-25T16:55:33.737314,110.182.185.222,hxxp://110.182.185.222:1584/.i,CN,4134
2025-07-25T17:15:59.283411,79.103.110.115,hxxp://31.202.153.12:13264/.i,GR,1241
2025-07-25T17:50:50.708533,88.147.173.63,hxxp://113.221.78.81:9600/.i,RU,12389
2025-07-25T17:39:07.324371,176.65.148.61,hxxp://144.172.106.101/wget.sh,NL,51396
2025-07-25T18:05:38.291914,14.58.71.90,hxxp://14.58.71.90:56727/.i,KR,4766
2025-07-25T18:52:14.621168,176.65.148.61,hxxp://144.172.106.101/bins/star.x86,NL,51396
2025-07-25T19:27:56.328118,20.61.127.56,hxxp://89.116.20.194:81/cat.sh,NL,8075
2025-07-25T19:27:56.327991,20.61.127.56,hxxp://89.116.20.194:81/cat.sh,NL,8075
2025-07-25T19:23:53.541124,74.215.41.220,hxxp://61.215.151.173/x/2sh,US,6181
2025-07-25T19:23:53.541203,74.215.41.220,hxxp://61.215.151.173/x/2sh,US,6181
2025-07-25T19:23:53.541013,74.215.41.220,hxxp://61.215.151.173/x/1sh,US,6181
2025-07-25T19:23:53.541310,74.215.41.220,hxxp://61.215.151.173/x/3sh,US,6181
2025-07-25T19:23:53.540922,74.215.41.220,hxxp://61.215.151.173/x/1sh,US,6181
2025-07-25T19:21:46.963101,176.65.149.226,hxxp://144.172.106.101/wget.sh,NL,51396
2025-07-25T19:06:20.448952,176.65.149.226,hxxp://144.172.106.101/wget.sh,NL,51396
2025-07-25T19:56:44.673813,176.65.149.226,hxxp://144.172.106.101/wget.sh,NL,51396
2025-07-25T19:44:53.819242,176.65.148.61,hxxp://144.172.106.101/bins/star.x86,NL,51396
2025-07-25T20:01:16.184509,176.65.148.61,hxxp://144.172.106.101/wget.sh,NL,51396
2025-07-25T20:40:56.458897,176.65.148.61,hxxp://144.172.106.101/wget.sh,NL,51396
2025-07-25T20:37:03.616199,20.61.127.56,hxxp://89.116.20.194:81/cat.sh,NL,8075
2025-07-25T20:37:03.616102,20.61.127.56,hxxp://89.116.20.194:81/cat.sh,NL,8075
2025-07-25T21:24:33.703282,176.65.148.61,hxxp://144.172.106.101/wget.sh,NL,51396
2025-07-25T21:20:02.334479,20.61.127.56,hxxp://89.116.20.194:81/cat.sh,NL,8075
2025-07-25T21:20:02.334369,20.61.127.56,hxxp://89.116.20.194:81/cat.sh,NL,8075
2025-07-25T21:16:51.255822,20.61.127.56,hxxp://89.116.20.194:81/cat.sh,NL,8075
2025-07-25T21:16:51.255962,20.61.127.56,hxxp://89.116.20.194:81/cat.sh,NL,8075
2025-07-25T21:12:52.745801,217.156.122.189,hxxp://217.156.122.189/wget.sh,MD,48753
2025-07-25T21:12:52.745882,217.156.122.189,hxxp://217.156.122.189/wget.sh,MD,48753
2025-07-25T21:11:50.180837,217.156.122.189,hxxp://217.156.122.189/wget.sh,MD,48753
2025-07-25T21:11:50.180764,217.156.122.189,hxxp://217.156.122.189/wget.sh,MD,48753
2025-07-25T21:11:37.218596,217.156.122.189,hxxp://217.156.122.189/wget.sh,MD,48753
2025-07-25T21:11:37.218520,217.156.122.189,hxxp://217.156.122.189/wget.sh,MD,48753
2025-07-25T21:11:00.193541,217.156.122.189,hxxp://217.156.122.189/wget.sh,MD,48753
2025-07-25T21:11:00.193673,217.156.122.189,hxxp://217.156.122.189/wget.sh,MD,48753
2025-07-25T21:05:15.777594,217.156.122.189,hxxp://217.156.122.189/wget.sh,MD,48753
2025-07-25T21:05:15.777707,217.156.122.189,hxxp://217.156.122.189/wget.sh,MD,48753
2025-07-25T21:04:02.931261,176.65.148.61,hxxp://144.172.106.101/wget.sh,NL,51396
2025-07-25T21:03:20.167524,217.156.122.189,hxxp://217.156.122.189/wget.sh,MD,48753
2025-07-25T21:03:20.167450,217.156.122.189,hxxp://217.156.122.189/wget.sh,MD,48753
2025-07-25T21:00:17.739271,20.61.127.56,hxxp://89.116.20.194:81/cat.sh,NL,8075
2025-07-25T21:00:17.739380,20.61.127.56,hxxp://89.116.20.194:81/cat.sh,NL,8075
2025-07-25T21:59:28.523122,176.65.149.226,hxxp://144.172.106.101/wget.sh,NL,51396
2025-07-25T21:47:11.816641Z,20.61.127.56,hxxp://89.116.20.194:81/cat.sh,NL,8075
2025-07-25T21:47:11.816523Z,20.61.127.56,hxxp://89.116.20.194:81/cat.sh,NL,8075
2025-07-25T21:43:01.490684,20.61.127.56,hxxp://89.116.20.194:81/cat.sh,NL,8075
2025-07-25T21:43:01.490758,20.61.127.56,hxxp://89.116.20.194:81/cat.sh,NL,8075
2025-07-25T21:42:51.646791,176.65.149.226,hxxp://144.172.106.101/wget.sh,NL,51396
2025-07-25T21:34:46.577272,176.65.148.61,hxxp://144.172.106.101/wget.sh,NL,51396
2025-07-25T21:30:44.334589,176.65.148.61,hxxp://144.172.106.101/wget.sh,NL,51396
2025-07-25T22:24:03.185510,87.121.84.111,hxxp://87.121.84.105/1.sh,US,215925
2025-07-25T22:24:03.185434,87.121.84.111,hxxp://87.121.84.105/1.sh,US,215925
2025-07-25T22:15:01.053070,87.121.84.111,hxxp://87.121.84.105/1.sh,US,215925
2025-07-25T22:15:01.053162,87.121.84.111,hxxp://87.121.84.105/1.sh,US,215925
2025-07-25T22:15:00.607615,87.121.84.111,hxxp://87.121.84.105/1.sh,US,215925
2025-07-25T22:15:00.607726,87.121.84.111,hxxp://87.121.84.105/1.sh,US,215925
2025-07-25T22:15:00.446982,87.121.84.111,hxxp://87.121.84.105/1.sh,US,215925
2025-07-25T22:15:00.446827,87.121.84.111,hxxp://87.121.84.105/1.sh,US,215925
2025-07-25T22:15:00.411784,87.121.84.111,hxxp://87.121.84.105/1.sh,US,215925
2025-07-25T22:15:00.411886,87.121.84.111,hxxp://87.121.84.105/1.sh,US,215925
2025-07-25T22:11:19.736808Z,87.121.84.111,hxxp://87.121.84.105/1.sh,US,215925
2025-07-25T22:11:19.736931Z,87.121.84.111,hxxp://87.121.84.105/1.sh,US,215925
2025-07-25T22:11:15.286016Z,87.121.84.111,hxxp://87.121.84.105/1.sh,US,215925
2025-07-25T22:11:15.285873Z,87.121.84.111,hxxp://87.121.84.105/1.sh,US,215925
2025-07-25T22:11:03.191324Z,87.121.84.111,hxxp://87.121.84.105/1.sh,US,215925
2025-07-25T22:11:03.191211Z,87.121.84.111,hxxp://87.121.84.105/1.sh,US,215925
2025-07-25T22:10:42.701218Z,87.121.84.111,hxxp://87.121.84.105/1.sh,US,215925
2025-07-25T22:10:42.701044Z,87.121.84.111,hxxp://87.121.84.105/1.sh,US,215925
2025-07-25T22:10:41.948022,87.121.84.111,hxxp://87.121.84.105/1.sh,US,215925
2025-07-25T22:10:41.947879,87.121.84.111,hxxp://87.121.84.105/1.sh,US,215925
2025-07-25T22:10:34.765413,87.121.84.111,hxxp://87.121.84.105/1.sh,US,215925
2025-07-25T22:10:34.765534,87.121.84.111,hxxp://87.121.84.105/1.sh,US,215925
2025-07-25T22:10:34.111426Z,87.121.84.111,hxxp://87.121.84.105/1.sh,US,215925
2025-07-25T22:10:34.111258Z,87.121.84.111,hxxp://87.121.84.105/1.sh,US,215925
2025-07-25T22:10:25.904299,87.121.84.111,hxxp://87.121.84.105/1.sh,US,215925
2025-07-25T22:10:25.904370,87.121.84.111,hxxp://87.121.84.105/1.sh,US,215925
2025-07-25T22:10:24.178306,87.121.84.111,hxxp://87.121.84.105/1.sh,US,215925
2025-07-25T22:10:24.178204,87.121.84.111,hxxp://87.121.84.105/1.sh,US,215925
2025-07-25T22:10:23.827373,87.121.84.111,hxxp://87.121.84.105/1.sh,US,215925
2025-07-25T22:10:23.827256,87.121.84.111,hxxp://87.121.84.105/1.sh,US,215925
2025-07-25T22:10:13.087414,87.121.84.111,hxxp://87.121.84.105/1.sh,US,215925
2025-07-25T22:10:13.087503,87.121.84.111,hxxp://87.121.84.105/1.sh,US,215925
2025-07-25T22:10:03.480386,87.121.84.111,hxxp://87.121.84.105/1.sh,US,215925
2025-07-25T22:10:03.480496,87.121.84.111,hxxp://87.121.84.105/1.sh,US,215925
2025-07-25T22:02:23.628947,176.65.148.61,hxxp://144.172.106.101/wget.sh,NL,51396
2025-07-25T22:52:57.004292,87.121.84.111,hxxp://87.121.84.105/1.sh,US,215925
2025-07-25T22:52:57.004385,87.121.84.111,hxxp://87.121.84.105/1.sh,US,215925
2025-07-25T22:48:10.102264,87.121.84.111,hxxp://87.121.84.105/1.sh,US,215925
2025-07-25T22:48:10.102166,87.121.84.111,hxxp://87.121.84.105/1.sh,US,215925
2025-07-25T22:45:33.685885,87.121.84.111,hxxp://87.121.84.105/1.sh,US,215925
2025-07-25T22:45:33.685802,87.121.84.111,hxxp://87.121.84.105/1.sh,US,215925
2025-07-25T22:45:23.083880Z,176.65.148.61,hxxp://144.172.106.101/wget.sh,NL,51396
2025-07-25T22:39:31.411988,87.121.84.111,hxxp://87.121.84.105/1.sh,US,215925
2025-07-25T22:39:31.411912,87.121.84.111,hxxp://87.121.84.105/1.sh,US,215925
2025-07-25T22:34:15.452267,87.121.84.111,hxxp://87.121.84.105/1.sh,US,215925
2025-07-25T22:34:15.452347,87.121.84.111,hxxp://87.121.84.105/1.sh,US,215925
2025-07-25T23:23:41.171809,176.65.148.61,hxxp://144.172.106.101/wget.sh,NL,51396
2025-07-25T23:19:32.283986,176.65.149.226,hxxp://144.172.106.101/wget.sh,NL,51396
2025-07-25T23:04:00.333921,141.164.124.22,hxxp://211.33.143.52:45320/.i,US,13370
